url,label
https://www.allenstownnh.gov/blog/cybersecurity-best-practices,0
https://sandipgaikwad669.github.io/spotifyclone,1
http://deepanikade.github.io/netflix/,1
https://www.albanytownshipmn.gov/wiki/Artificial_intelligence,0
https://www.angelscamp.gov/search?q=open+source+software,0
https://www.athenstn.gov/articles/2026/04/technology-news,0
https://www.cloudflare.com/faq/frequently-asked-questions,0
https://f006.backblazeb2.com/file/urdeoc/index.html,1
https://www.albemarlenc.gov/about-us/company-overview,0
https://www.safe365apps.com/AccountSelectionPage/c?c=0fd0fef3-a109-451d-b38d-2c08402e336f-e10d213e-1e81-4587-8107-d9451249c4c8,1
https://www.aftonmn.gov/community/discussions/general,0
https://www.almacenterwi.gov/faq/frequently-asked-questions,0
https://www.allendalenj.gov/docs/reference/api-overview.html,0
https://bah5szv.myrdbx.io/wp-content/themes/R24/recom/24AR24/ar24/,1
http://app.shopledgerapp.com/login,1
https://www.argylewi.gov/releases/v3.4.1/changelog.md,0
https://www.abingdon-va.gov/blog/cybersecurity-best-practices,0
https://www.appomattoxva.gov/blog/cybersecurity-best-practices,0
https://www.annapolismd.gov/news/international-headlines,0
https://www.aleknagikak.gov/community/discussions/general,0
https://www.github.com/,0
https://a29807753-byte.github.io/insta,1
http://www.deltasbymarriottrega.spahotel.guru/,1
http://www.trust-walletsupportsdesk.vercel.app/,1
https://christopherchidera123-svg.github.io/netflix/,1
https://trustcapitallogini.webador.com/,1
https://www.albanyky.gov/news/international-headlines,0
https://www.altoonapa.gov/search?q=open+source+software,0
http://www.p25365.cc/,1
https://p7v3w.airodyneqwerty.top/2743248b60dc,1
https://www.prkgilrs-usdt-draner-frant.vercel.app/,1
https://www.amsterdamnyfd.gov/category/science-and-nature,0
https://www.albuquerque-nm.gov/wiki/Artificial_intelligence,0
https://www.asburyparkpd.gov/search?q=open+source+software,0
https://www.ansoniact.gov/about-us/company-overview,0
https://gpluspsawe.weebly.com/,1
https://www.altavistava.gov/articles/2026/04/technology-news,0
http://435467.xyz/,1
http://goapp---en-uphold-us.typedream.app/,1
https://www.ashvilleohio.gov/resources/whitepapers/cloud-architecture,0
https://robiox.com.py/users/378449445836/profile,1
https://www.abilenetx.gov/about-us/company-overview,0
https://robiox.com.gr/communities/5715112432/awake-from-death,1
https://davidero1.github.io/paystack-home,1
https://www.abbevillecitymarshal.gov/,0
https://www.ankenyiowa.gov/category/science-and-nature,0
https://f005.backblazeb2.com/file/doclook/hotout.html,1
https://www.alicepdtx.gov/faq/frequently-asked-questions,0
https://www.akronohiorescue.gov/blog/cybersecurity-best-practices,0
https://umrechnung.chinashcapital.com/de/5yD14RCvqi1Y6z4O/5217528280,1
https://www.armadatwp.gov/resources/whitepapers/cloud-architecture,0
https://www.arpinvillagewi.gov/,0
https://www.alhambrafireca.gov/products/electronics/catalog,0
https://smartparcellocker.tech/package-recipients:,1
https://momo-credits.vercel.app/login,1
https://muhsanhassan.github.io/Amazon-Clone/,1
https://www.applevalleyca.gov/releases/v3.4.1/changelog.md,0
https://www.amsterdamnypd.gov/wiki/Artificial_intelligence,0
https://www.altoonawi.gov/releases/v3.4.1/changelog.md,0
https://www.antiochcaboard.gov/releases/v3.4.1/changelog.md,0
https://www.albanyoregon.gov/news/international-headlines,0
https://www.andover-nh.gov/docs/reference/api-overview.html,0
https://hadiahshopee3434.blogspot.com/,1
https://md.rytzskl.com/file/sharep.html,1
https://www.roblox.com.bn/games/77182599101794/4nn1s-Place?privateServerLinkCode=86312608205244302093175058016356,1
https://www.albanyca.gov/community/discussions/general,0
https://https-wvvw-roblox.com/users/358749249/profile,1
http://servicefacyut.blogspot.com/,1
https://www.albiontownshipmn.gov/faq/frequently-asked-questions,0
https://www.l86365.com/,1
https://just2iconic.com/icccccccccccccccccccc/index.html,1
https://www.amazon.com/wiki/Artificial_intelligence,0
https://irsly.sbs/let-us-help-you/,1
http://trezrsuiteapps.pages.dev/,1
http://fwna03.duckdns.org/en/main,1
https://www.hbabyaqq.blogspot.com/,1
http://www.djdkkdjbdhshaww.weebly.com/,1
https://www.arkwrightny.gov/user/profile/settings,0
https://netflix-clone-two-tau-79.vercel.app/,1
http://www.chmbhcjmbhcjmmmmmmm.weebly.com/,1
https://www.athenstx.gov/releases/v3.4.1/changelog.md,0
https://booking-clone-ten.vercel.app/,1
https://delight.fluvella.info/ga/click/2-17238672-22-16436-32159-17713-92fe86dfef-957311b32c,1
https://mohammadhaneef110.github.io/ledger-todo/,1
https://www.albanyla.gov/releases/v3.4.1/changelog.md,0
https://www.acushnet.gov/resources/whitepapers/cloud-architecture,0
https://www.amherstnh.gov/blog/cybersecurity-best-practices,0
https://www.arcadenyfiredepartment.gov/community/discussions/general,0
https://i1p7-l1uj-8pgw.help-ndcparking-com-s-account.workers.dev/,1
https://www.applevalleymn.gov/about-us/company-overview,0
https://www.arkadelphia.gov/,0
https://www.roblox.com.bn/games/14153443454/Meet-a-neko?privateServerLinkCode=86312608205244302093175058016356,1
https://www.ainsworthwi.gov/,0
https://rent-house-app-phi.vercel.app/,1
https://www.ashbyma.gov/blog/cybersecurity-best-practices,0
https://www.astoria.gov/products/electronics/catalog,0
https://www.ardmoreok.gov/resources/whitepapers/cloud-architecture,0
https://www.mozilla.org/about-us/company-overview,0
http://www.jslorganizacaocontabil.com.br/,1
https://www.aldanpa.gov/resources/whitepapers/cloud-architecture,0
https://www.alexandrianj.gov/category/science-and-nature,0
https://www.appletonwi.gov/about-us/company-overview,0
https://tejas3861.github.io/Spotify-Clone,1
https://sahnurshifat.github.io/expense/,1
https://www.alberttwpmi.gov/search?q=open+source+software,0
https://qrco.de/bgza8q,1
https://www.alvin.gov/about-us/company-overview,0
https://www.atchisonkspolice.gov/category/science-and-nature,0
https://www.ashlandcitytn.gov/blog/cybersecurity-best-practices,0
https://www.roblox.et/users/1000955106/profile,1
https://www.antiochtownshipil.gov/resources/whitepapers/cloud-architecture,0
https://ssosigninattcomiloginrgmv9w.mailpatchupdatetheta.workers.dev/home.php?usrid=9nbdQPXMIFhfrgUnhD7EeMPs39GUACS2M2sEKYnGriIDpqZn6eXEEpylJIxuJfGeXp42Mwilh963AkVXqDEh93EMTgukmOsJuMIm4OMcgsyECSm3YcGzZ8Qpa3R1b2hleUBwYWNiZWxsLm5ldA==hEn0HY9ygbyddLrayzykKjGJzHhXrezG8p5k5VFhr05YOvnH8K,1
https://zamowienie9x.lat/o/cl2qy/7315896032923904#selectedbank9,1
https://www.psd-4-easy-bank-landing-page.vercel.app/,1
https://spotify-clone-two-pi.vercel.app/,1
https://rajsrivastava86.github.io/Amazon.com_clone,1
https://a3894zn3z.pages.dev/,1
https://www.ameniany.gov/faq/frequently-asked-questions,0
http://hgeoyys.com/,1
http://gerar-link-afiliado-shopee-rapido.pages.dev/,1
https://www.amalgautah.gov/category/science-and-nature,0
https://www.coursera.org/search?q=open+source+software,0
https://junowebmail01.weebly.com/,1
https://cn.mbx72.net:9119/home/register?code=21449,1
https://www.annistonal.gov/blog/cybersecurity-best-practices,0
https://www.altamontvillageny.gov/resources/whitepapers/cloud-architecture,0
https://propertiesofcayman.com/macreason/kresh/nifiniti/creamnet/index.php/,1
https://www.atmore.gov/news/international-headlines,0
https://www.walletconnect-website.vercel.app/,1
http://www.gbagobar.vercel.app/,1
https://www.aledoil.gov/products/electronics/catalog,0
https://www.tele-pak.com/fidelitygc/,1
https://www.andovervillageny.gov/resources/whitepapers/cloud-architecture,0
https://www.amesburyma.gov/wiki/Artificial_intelligence,0
http://irsly.sbs/,1
https://www.antiochcacommission.gov/blog/cybersecurity-best-practices,0
https://www.albanyoh.gov/articles/2026/04/technology-news,0
https://www.alexandriatn.gov/user/profile/settings,0
https://www.atlanticbeachny.gov/blog/cybersecurity-best-practices,0
https://www.alamosa.gov/blog/cybersecurity-best-practices,0
https://www.cnn.com/news/international-headlines,0
https://www.apexnc.gov/category/science-and-nature,0
https://www.amityoregon.gov/about-us/company-overview,0
https://www.alexandriaky.gov/community/discussions/general,0
https://metamask-portal.yzz.me/,1
https://www.almaarkansaspd.gov/releases/v3.4.1/changelog.md,0
https://umnovorumo.s3.us-east-005.backblazeb2.com/aumento.html,1
http://www.facebook-facebook1.blogspot.com/?m=1,1
https://www.abitaspringsla.gov/user/profile/settings,0
https://www.google.com/faq/frequently-asked-questions,0
http://www.fidelitycards.com/,1
http://www.metamonetization.live/,1
https://builds-by-noor.github.io/amazon-clone-website/,1
https://orangeverification.vercel.app/?clckid=1b8af4a8,1
https://www.onlinemobileaccess.ct.ws/,1
https://www.arlingtonwa.gov/community/discussions/general,0
https://www.3statedistrictcourtar.gov/blog/cybersecurity-best-practices,0
http://www.robloxgenerator119.blogspot.com/,1
https://www.almaarkansas.gov/products/electronics/catalog,0
https://www.alexandrianh.gov/search?q=open+source+software,0
http://amazon-front-me.vercel.app/,1
https://www.applevalleyut.gov/products/electronics/catalog,0
https://www.medium.com/,0
https://shopee-848.blogspot.com/,1
https://wqg.ru.com/FirstCommunity/cod.php,1
https://www.amadorcity.gov/user/profile/settings,0
https://www.athensvt.gov/search?q=open+source+software,0
https://www.ashtonid.gov/blog/cybersecurity-best-practices,0
https://uc0ajq-nk.myshopify.com/password,1
https://www.roblox.com.mu/users/1497940778/profile,1
https://www.arroyopr.gov/releases/v3.4.1/changelog.md,0
https://www.athensvillageny.gov/blog/cybersecurity-best-practices,0
https://instagram-usman-haider.vercel.app/,1
https://vinitlikhar.github.io/Net--Clone,1
https://www.anaheim.gov/blog/cybersecurity-best-practices,0
https://www.advancemo.gov/articles/2026/04/technology-news,0
http://www.tracking.usps-prioritymails.com/,1
https://www.addisontx.gov/docs/reference/api-overview.html,0
https://www.alexandriava.gov/faq/frequently-asked-questions,0
https://www.ashflatar.gov/user/profile/settings,0
https://www.allendalemi.gov/faq/frequently-asked-questions,0
https://www.ashlandva.gov/wiki/Artificial_intelligence,0
https://kingsley-02.pages.dev/?app_vl=ZoNwlWpnbWKEmLqxy5qmnnx0YsC2wa-TpaiVYsBxj2phmqOgnLFwrYw&dd=SyguNyQsMSUoOixkIiIrIQ&e=Maethe%2540bluewin.ch&sui=%7Bsui%7D&fn=Yves&ln=Mathis&p=&z=CHNAMECL-020926-CON11,1
https://rpa-portal.infanion.com/user/login,1
https://www.nachocebu.hostel.town/,1
https://zeta-facebook.blogspot.com/,1
http://hadiah-shopee1111.blogspot.com/,1
https://www.roblox.com.bi/users/804482566032/profile,1
https://comecome.click/zxm/xx/alibaba/index.html,1
https://www.ashfordct.gov/blog/cybersecurity-best-practices,0
http://www.dhl-rpa-portal.infanion.com/,1
http://www.2m2kaejt.6lnov0.cn/,1
https://www.alamotownshipmi.gov/products/electronics/catalog,0
https://www.argonnewi.gov/resources/whitepapers/cloud-architecture,0
https://facebook-clone-delta-one.vercel.app/,1
https://www.aspinwallpa.gov/wiki/Artificial_intelligence,0
https://signinattcomdynamicilriaplogin3ymqyiym6h.mailupdatealpha.workers.dev/home.php?usrid=dxzCeHRYap3HOJfqqxAY51hrnCzP5qJt6ziQa2EEWs01vozgInxN6WLpC8cBafuxB7GHcYVIy8LsigCqNeCAAhe7oOK7feHJLxmtrUIMZ9wSQRoXR1YWyzZ0c3pha0BiZWxsc291dGgubmV0iQWiOREedDRnSVuRFOuXzCOvjPyAJ63r920ok6dSduwnOnUqDa,1
http://www.mydocusign.eu.cc/,1
http://www.bio.now/robuxy/,1
https://www.americancanyon.gov/user/profile/settings,0
https://www.alpinenj.gov/community/discussions/general,0
https://uc0ajq-nk.myshopify.com/,1
http://mybellpromtion.netlify.app/,1
https://www.annapolismo.gov/user/profile/settings,0
https://www.arcolatexas.gov/articles/2026/04/technology-news,0
https://www.athertonca.gov/wiki/Artificial_intelligence,0
https://www.arna.gov/wiki/Artificial_intelligence,0
https://www.athentwpbcpapd.gov/wiki/Artificial_intelligence,0
https://www.arrowsmithil.gov/wiki/Artificial_intelligence,0
https://mehedi-web-dev.github.io/facebook-login-page-clone,1
https://hunnnnpgs28.blogspot.com/,1
http://pjq49-0hplix-tdr52-yhy-3x2u5g-kxv81-622a.pages.dev/,1
https://www--roblox.co/charts,1
https://www.alliancenc.gov/user/profile/settings,0
https://www.apachejunctionaz.gov/products/electronics/catalog,0
https://www.alvin-tx.gov/articles/2026/04/technology-news,0
https://microsoftword.programgridsoft.com/?etext=2202.z2jBsBUO9kcfyZW13jXsR6F1D7kqNORolUiDopxljqoRCk87nVyo_619mFuQGl7paXRwanNxdnFqcHdzYnNqbA.5a92939abf203852c46af3c1668ade99a7ee6419,1
https://www.bbc.com/docs/reference/api-overview.html,0
https://www.roblox.com.ml/users/436509344642/profile,1
https://www.linkedin.com/search?q=open+source+software,0
https://www.andesnewyork.gov/community/discussions/general,0
https://ophtalmovisus.com/jamyershomes,1
https://www.aftonwyoming.gov/articles/2026/04/technology-news,0
http://www.rent-house-app-phi.vercel.app/,1
https://dhabi-webdev.github.io/netflix-clone/,1
http://tokenim.biz/,1
http://gandhibali.org/Scripts/aldom.html,1
http://www.sparkasse-dortmund.app/,1
https://www.adelantoca.gov/articles/2026/04/technology-news,0
https://facebook-theta.vercel.app/user-login,1
https://www.aberdeenidaho.gov/blog/cybersecurity-best-practices,0
https://ayushgit28.github.io/RetailApplication,1
https://www.arcadiacapolice.gov/products/electronics/catalog,0
https://experienced-emojis-635132.framer.app/,1
https://vo.la/saKvUR9/,1
https://www.adak-ak.gov/about-us/company-overview,0
https://signinattcomdynamicilriaplogin4acp181rab.mailupdatealpha.workers.dev/home.php?usrid=NiWVsffAyl9CYbNY5Ll0jUd05yAa6V2Xtlk5L0SX3qS6U9L2erMM6QJHe0vodfwXqchayzNdtwLOkgHARMQgSl2H5deHgQXZmdibPbFnHH3oPoOeIHRv0pghamVycmlfZEBzYmNnbG9iYWwubmV0yoSm4Q8OVboz3PqLjxVetH31ldo7srubbRINbFKDf5lWQELR6F,1
https://www.ashdownpd.gov/docs/reference/api-overview.html,0
http://www.flyn.co/vzaXoul/,1
https://www.aspen.gov/about-us/company-overview,0
https://mgpxq.com/HkLzdkIP,1
http://roblox.com.mu/communities/9464279542/dollie,1
https://rbcode.net/v/6ef2e084c6786a55aba77b01cb9830ac,1
https://www.amherstma.gov/about-us/company-overview,0
https://www.alpineut.gov/resources/whitepapers/cloud-architecture,0
https://www.sparkasse-dortmund.de/de/home.html,1
http://h5.trezor.beauty/,1
http://iozrx-eal36s-44kp3z-it70t.pages.dev/,1
https://www.andoverma.gov/docs/reference/api-overview.html,0
https://www.abingtonma.gov/category/science-and-nature,0
https://www.allentx.gov/docs/reference/api-overview.html,0
https://www.59dcmi.gov/news/international-headlines,0
https://www.andoverks.gov/search?q=open+source+software,0
http://www.r.oblox.com.et/users/3734098032/profile,1
https://www.alamogordo.gov/category/science-and-nature,0
https://www.agourahillscity.gov/news/international-headlines,0
https://www.zeta-facebook.blogspot.com/,1
https://www.archbaldboroughpa.gov/faq/frequently-asked-questions,0
https://www.docker.com/,0
https://www.atokatn.gov/wiki/Artificial_intelligence,0
https://www.asburyparkfd.gov/user/profile/settings,0
https://h57365.cc/,1
https://suntrust-onlinebanking.blogspot.com/?m=1,1
https://www.anokamn.gov/,0
https://wqg.ru.com/FirstCommunity/FirstCommunity.php,1
https://www.43179986365.com/,1
https://www.ashlandoregon.gov/category/science-and-nature,0
https://www.alfordma.gov/community/discussions/general,0
https://www.angelowi.gov/news/international-headlines,0
http://za09ps.lwrwjs.com/income-tax-act-2026.html,1
https://gurl.pro/roblox-com-users-45287153656-profile,1
https://djdkkdjbdhshaww.weebly.com/,1
https://www.microsoft.com/wiki/Artificial_intelligence,0
https://www.addisontownshipmi.gov/products/electronics/catalog,0
https://rajsrivastava86.github.io/Amazon.com_clone/,1
https://kk3377.top/,1
https://www.allegroreg.com/,1
https://www.apache.org/category/science-and-nature,0
https://www.addisonwi.gov/resources/whitepapers/cloud-architecture,0
https://zamowienie8x.lat/o/cl2qy/7315896032923904#selectedbank9,1
http://aadobe07.pages.dev/,1
https://www.stackoverflow.com/about-us/company-overview,0
https://www.roblox.com.ml/users/335344909519/profile,1
https://www.roblox.com.ml/users/324688038514/profile,1
https://facebookhints.blogspot.com/,1
http://ooarvoauuoani.com/,1
http://layanan-undian66.blogspot.com/,1
https://www.arcoidaho.gov/wiki/Artificial_intelligence,0
https://www.aberdeenmd.gov/wiki/Artificial_intelligence,0
https://1xlite-64426.today/,1
https://www.ashevillenc.gov/faq/frequently-asked-questions,0
https://www.adeliowa.gov/search?q=open+source+software,0
https://www.ardsleyvillage.gov/docs/reference/api-overview.html,0
https://www.acton-ma.gov/community/discussions/general,0
https://www.amherstva.gov/products/electronics/catalog,0
https://www.arkomaok.gov/articles/2026/04/technology-news,0
https://www.suntrust-onlinebanking.blogspot.com/?m=1,1
https://www.andovermn.gov/faq/frequently-asked-questions,0
https://robiox.com.gr/users/1559783617/profile,1
https://bancavirtual-solicitud-634-production.up.railway.app/,1
https://www.ansonmaine.gov/faq/frequently-asked-questions,0
https://instagramusicabrasilinstagram.blogspot.com/,1
https://www.projetosesistemas.com/,1
http://www.solicitar-ahorabhd.iceiy.com/,1
https://www.alamoheightstx.gov/search?q=open+source+software,0
https://wqg.ru.com/FirstCommunity/login2.php,1
https://www.anchorageak.gov/user/profile/settings,0
http://pembatalannn-pinjamanndanaa.ypp.my.id/,1
https://www.amortownshipmn.gov/news/international-headlines,0
https://www.ansoniahousing.gov/search?q=open+source+software,0
https://www.amerywi.gov/docs/reference/api-overview.html,0
https://www.roblox.com.ml/users/141772153391/profile,1
https://kc-presh.github.io/educational-presentation-enjoyment/,1
https://rbcode.net/v/53262cc00290525ceda3f0bfef7b9336,1
https://aaofrx1mfv-76a5a3a10d.vercel.app/meta-security-3324075820240825.html,1
https://www.alicebakerlibrarywi.gov/releases/v3.4.1/changelog.md,0
https://g5.lu/wy29z,1
https://www.albanyny.gov/community/discussions/general,0
https://www.armoniaholidayvillage.spahotel.guru/,1
https://www.bte3656.com/,1
https://www.almenatownship.gov/about-us/company-overview,0
http://www.refunds.vercel.app/,1
http://www.hillbark.spahotel.guru/,1
http://www.eurostarsmateralasuite.spahotel.guru/,1
https://www.appletonmn.gov/,0
https://ilah.cc/v/8fdd36,1
https://stang.lol/,1
https://taniabhola251.github.io/Amazon-Clone-Project/,1
http://www.facebook-clone-delta-one.vercel.app/,1
https://www.reddit.com/about-us/company-overview,0
https://flowport098.us-iad-10.linodeobjects.com/indexirl.html,1
https://www.acnjpolice.gov/resources/whitepapers/cloud-architecture,0
https://www.alvaok.gov/releases/v3.4.1/changelog.md,0
https://www.arthur-il.gov/search?q=open+source+software,0
https://swedberg-hodgkinson.s3.eu-north-1.amazonaws.com/Auth.download2026.html,1
https://uc0ajq-nk.myshopify.com/dzuqmv/?ref=a82b5c561b99&token=64mxt77oafv2m51o&usr=marum@9f630e81bf464efec3b79bc06f93df89504d.net,1
https://www.ainsworthiowa.gov/resources/whitepapers/cloud-architecture,0
https://www.allentownpa.gov/about-us/company-overview,0
https://app.coinbase99.com/,1
http://ww547.coinbase.cm/,1
https://www.asheboronc.gov/docs/reference/api-overview.html,0
http://www.rafflessentosasgapore.spahotel.guru/,1
https://www.atlantisfl.gov/wiki/Artificial_intelligence,0
https://www.americanfork.gov/docs/reference/api-overview.html,0
https://www.ashfordny.gov/docs/reference/api-overview.html,0
https://nlink.at/www_roblox_com_users_7921638702_profile,1
http://s3.us-east-2.amazonaws.com/landing-uzariways.com/kjnjkjnjk.html,1
https://www.actonma.gov/,0
https://chmbhcjmbhcjmmmmmmm.weebly.com/,1
http://www.trustwallet-source.vercel.app/,1
https://www.antiochca.gov/products/electronics/catalog,0
https://jonathanishnazarov007.github.io/ledger/,1
https://www.amarillo.gov/releases/v3.4.1/changelog.md,0
https://did.li/tbyDN,1
https://kantox-preprod.com/secure/login,1
https://www.ambertwpmi.gov/releases/v3.4.1/changelog.md,0
https://renovesuasaumento.s3.us-east-005.backblazeb2.com/aumento.html,1
https://rough-bush-ebc0.kiritucker1moghfkkp9.workers.dev/meta-help/,1
http://www.amanduhhs.blogspot.com/,1
https://robiox.com.ps/games/10449761463/The-Strongest-Battlegrounds?privateServerLinkCode=90573250062046176732096120871156,1
https://www.alpharettaga.gov/articles/2026/04/technology-news,0
https://avanteshipping.com/wp-includes/interactivuty-sc/,1
https://www.alfredvillage.gov/docs/reference/api-overview.html,0
https://www.alvordtx.gov/faq/frequently-asked-questions,0
https://www.arlingtonma.gov/,0
https://cn-imtoken.tronscoin.com/,1
https://www.algonaiowa.gov/articles/2026/04/technology-news,0
https://averrafashion.shop/,1
https://www.assyriatwpmi.gov/about-us/company-overview,0
https://www.atkinsar.gov/articles/2026/04/technology-news,0
https://web3-projects-beta.vercel.app/,1
https://www.almontmichigan.gov/faq/frequently-asked-questions,0
https://www.annapolis.gov/category/science-and-nature,0
https://www.antrimtownshipmi.gov/search?q=open+source+software,0
https://incrementoautomatico.firebaseapp.com/,1
https://www.armapdks.gov/products/electronics/catalog,0
http://dfv.pages.dev/account/js-reporting/,1
http://www.spotify-clone-git-main-gouravpansejas-projects.vercel.app/,1
https://www.web3-projects-beta.vercel.app/,1
https://tracking.usps-prioritymails.com/,1
https://www.instagram-usman-haider.vercel.app/,1
https://undian-shopee553.blogspot.com/,1
https://www.alpinetwp.gov/resources/whitepapers/cloud-architecture,0
https://mgpxq.com/atc7BnV0,1
https://www.archdale-nc.gov/blog/cybersecurity-best-practices,0
https://r.oblox.com.et/users/7320963535/profile,1
https://www.adriantwpmi.gov/search?q=open+source+software,0
https://www.arcadiaca.gov/faq/frequently-asked-questions,0
https://www.altamontks.gov/community/discussions/general,0
https://amazon-clone-three-ashen.vercel.app/,1
http://www.to.lk/jzgMYV/,1
http://www.bnb-verify.vercel.app/,1
https://www.roblox.com.bn/games/95094140550911/My-Slime-Lab-Test-Playground?privateServerLinkCode=86312608205244302093175058016356,1
https://refunds.vercel.app/,1
http://www.lapetiteaubergedesaintsernin.hostel.town/,1
https://bluestarrealtyllc.s3.us-east-2.amazonaws.com/bluestarrealtyllc.html,1
http://www.i0jhrz.tokeonptoket.com/,1
https://yddrdc.ctcpb.com/?EDFhw,1
https://www.atkinson-nh.gov/,0
http://www.kakao-blush-tau.vercel.app/,1
https://site591100360.fo.team/,1
https://trout-grouse-x7jn.squarespace.com/,1
https://www.allentwphancockoh.gov/wiki/Artificial_intelligence,0
https://www.angelfirenm.gov/category/science-and-nature,0
http://illedelab.com.br/north,1
http://www.dau-ug-koreatyujdjhdjuuej6664746637-chi.vercel.app/,1
https://peaceful-gecko-a9cee7.netlify.app/,1
http://www.67407.xyz/,1
http://www.0ut927-lve828-365k.iceiy.com/,1
https://www.americusga.gov/products/electronics/catalog,0
https://k9nw4b.lat/o/cl2qy/7315896032923904#selectedbank9,1
https://www.argylevillageny.gov/blog/cybersecurity-best-practices,0
https://fidlerontheroofkccom.s3.us-east-2.amazonaws.com/fidlerontheroofk.com.html,1
http://install-documentation.sbs/,1
https://www.amsterdamny.gov/articles/2026/04/technology-news,0
https://advanced-monitoring9378.co/verify/eVyK5bZfSDGOhEc_4eXAncQ29VFWGzWY,1
https://www.altoona-wi.gov/wiki/Artificial_intelligence,0
https://www.robiox.com.ps/users/8534437985/profile,1
https://www.antiochcacommittee.gov/resources/whitepapers/cloud-architecture,0
https://www.65528086365.com/,1
https://www.ashburnham-ma.gov/resources/whitepapers/cloud-architecture,0
https://www.argosin.gov/releases/v3.4.1/changelog.md,0
https://www.allianceoh.gov/category/science-and-nature,0
https://www.almiratownshipmi.gov/blog/cybersecurity-best-practices,0
https://express-delivery.track-trace-id0220.click/?link_token=a5WTiWki5nHJAzNykQtMpt,1
http://www.junowebmail01.weebly.com/,1
https://mercadolibre-challenge-florabril.vercel.app/,1
https://www.archerlodgenc.gov/news/international-headlines,0
https://www.5mp.eu/fajlok2/zimbr/index_www.5mp.eu_.html,1
https://spotify-clone-git-main-gouravpansejas-projects.vercel.app/,1
https://kucoinloign.gitbook.io/,1
https://www.alpinewy.gov/,0
https://mtnfastloan.vercel.app/login,1
https://www.athenstownshipmn.gov/user/profile/settings,0
https://5klandaxax5.blogspot.com/?m=1,1
https://www.adamn.gov/category/science-and-nature,0
https://www.allegany.gov/news/international-headlines,0
https://www.roblox.com.mu/users/8614733223/profile,1
https://www.roblox.ly/games/77649408247578/Northern-Lands-Dungeon-Quest-Reborn?privateServerLinkCode=25122234237949315432015321595722,1
https://www.altontownshipil.gov/category/science-and-nature,0
https://rbcode.net/v/8472d043f8b65a1b0ea22aec55932256,1
https://www.adaoh.gov/articles/2026/04/technology-news,0
https://www.ancramny.gov/search?q=open+source+software,0
https://www.alamedaca.gov/releases/v3.4.1/changelog.md,0
https://www.athensil.gov/faq/frequently-asked-questions,0
https://www.aledotx.gov/search?q=open+source+software,0
https://www.arlington-tx.gov/articles/2026/04/technology-news,0
https://www.annatexas.gov/blog/cybersecurity-best-practices,0
https://www.roblox.ly/users/7910383666/profile,1
https://www.amityville.gov/news/international-headlines,0
https://www.w3schools.com/releases/v3.4.1/changelog.md,0
https://www.acnj.gov/products/electronics/catalog,0
https://www.aberdeenwa.gov/faq/frequently-asked-questions,0
https://www.andalusiaal.gov/resources/whitepapers/cloud-architecture,0
https://www.alvo.gov/wiki/Artificial_intelligence,0
https://www.arkansascityks.gov/news/international-headlines,0
https://webbell.vercel.app/,1
https://kc-presh.github.io/manufacturing-white-powder,1
https://www.arcadia-fl.gov/community/discussions/general,0
http://www.amazon-clone-three-ashen.vercel.app/,1
https://www.alfredme.gov/articles/2026/04/technology-news,0
https://www.adrianmi.gov/search?q=open+source+software,0
https://www.arlingtonmn.gov/search?q=open+source+software,0
https://robiox.com.gr/games/109983668079237/Steal-a-Brainrot?privateServerLinkCode=54353182295359324096161268975229,1
https://teerathlucky12.github.io/amazon-website/,1
http://roblox.com.mu/communities/8692908357/Shy-clothing,1
https://www.andrewsnc.gov/faq/frequently-asked-questions,0
https://www.roblox.com.mu/users/1948200841/profile,1
https://www.1234-six-omega.vercel.app/,1
https://www.adairia.gov/docs/reference/api-overview.html,0
https://www.uspssmartpackagelockers.com/package-recipients:,1
http://www.hakunamatata.hostel.town/,1
https://www.apopka.gov/user/profile/settings,0
http://roblox.com.ml/users/258958418528/profile,1
https://www.athelstanewiclerk.gov/faq/frequently-asked-questions,0
http://info-layananshopee89.blogspot.com/,1
http://adminnfupanel-dpg54ztfrzuf.edgeone.dev/,1
https://www.arvadaco.gov/about-us/company-overview,0
https://www.arcadami.gov/search?q=open+source+software,0
https://www.python.org/products/electronics/catalog,0
https://www.asburypark.gov/community/discussions/general,0
https://s4w.in/roblox-com-users-8614733223-profile,1
https://www.jathemanordubai.spahotel.guru/,1
https://protkani93.ru/wp/Ali/index.php,1
https://www.alhambraca.gov/faq/frequently-asked-questions,0
https://www.arcolapdtx.gov/docs/reference/api-overview.html,0
http://www.moonpay-commerce-git-fix-com2-2691-dialog-phanto-f001a8-heliofi.vercel.app/,1
https://lawcodeadvisors.com/ls/kkmgroup.html,1
https://mbfsl.com/wp-includes/sitemaps/1vgawcy/bsywval/1vawxcm/yGTgijDQuzprIU3lQJFbV3VRGMrxBFbF/,1
https://www.aptx.gov/resources/whitepapers/cloud-architecture,0
https://trust-wallet-liart.vercel.app/,1
https://www.andersontx.gov/,0
https://www.algonawa.gov/articles/2026/04/technology-news,0
https://www.athol-ma.gov/search?q=open+source+software,0
https://www.aragotownshipmn.gov/blog/cybersecurity-best-practices,0
https://www.airmont.gov/about-us/company-overview,0
https://www.robiox.com.ps/games/142823291/Murder-Mystery-2?privateServerLinkCode=66411093122183173762236623475170,1
https://www.addisonvt.gov/wiki/Artificial_intelligence,0
https://www.abingtonpa.gov/wiki/Artificial_intelligence,0
https://fls-a2a88b0f-1dee-4267-8ca1-d3be86dcd6e1.laravel.cloud/DOMAIN.html,1
https://www.ashgrovemo.gov/products/electronics/catalog,0
http://wp.qwogpd.com/accessme/accessme/viewnowpls.html,1
https://www.antrimnh.gov/faq/frequently-asked-questions,0
https://www.alton-tx.gov/products/electronics/catalog,0
https://www.aberdeensd.gov/about-us/company-overview,0
https://www.mx648.com/,1
http://unipark-pay.top/,1
https://www.argentinetownship.gov/blog/cybersecurity-best-practices,0
https://umrechnung.chinashcapital.com/myreservation.html?label=gen173bo-10CA4oggI46AdIIVgDaFKIAQGYATO4ARfIAQzYAQPoAQH4AQGIAgGYAiGoAgG4Aa395a493f35eb011&sid=80f7998fd36cdcbe20faaad2ee8d44dd&aid=304142&auth_key=CjUyMTc1MjgyODAq-zn&source=mytrips,1
https://www.ashdownarkansas.gov/resources/whitepapers/cloud-architecture,0
http://www.us-usps-xf.xyz/,1
https://www.athensvillagepdny.gov/user/profile/settings,0
https://my-new-bnb-bsccoin.surge.sh/,1
https://bedgries0b.azurewebsites.net/,1
http://www.valor.pulse-whatapp.hl.cn/,1
https://www.altusok.gov/news/international-headlines,0
https://www.akronohio.gov/user/profile/settings,0
http://googleproject-emailtexverifyicagion-dpc7xpqkkma8.edgeone.dev/,1
https://www.alsteadnh.gov/wiki/Artificial_intelligence,0
https://psd-4-easy-bank-landing-page.vercel.app/,1
https://s4w.in/roblox-com-us-users-436509344642-profile,1
https://www.alachuapd.gov/search?q=open+source+software,0
https://www.arxiv.org/search?q=open+source+software,0
https://www.amherstny.gov/blog/cybersecurity-best-practices,0
https://www.acworth-ga.gov/resources/whitepapers/cloud-architecture,0
https://asiaskytel.com/.9s/go.php?c=LpYcwz,1
https://suachancesrenovadas.s3.us-east-005.backblazeb2.com/aumento.html,1
https://www.annettatx.gov/products/electronics/catalog,0
https://www.aransaspasstx.gov/releases/v3.4.1/changelog.md,0
https://www.adriantownshipwi.gov/category/science-and-nature,0
https://m-zain13.github.io/Netflix-Clone/,1
https://www.atlantaga.gov/news/international-headlines,0
https://www.artesiaca.gov/news/international-headlines,0
http://map-apple.net/W2d,1
http://www.f6hcv5m29r-03b208a828.vercel.app/,1
https://erscstattungif92.site/success-login/neues26a2sui55ss/aos566a2cd5a477w85a63c22a45.php?ID-connect?q=df&ehome&j-oin-us.x=4f3af663e8f3f174b161603e5af112454f3af663e8f3f174b161603e5af11245,1
https://www.ashlandky.gov/community/discussions/general,0
https://www.antrimnhpd.gov/articles/2026/04/technology-news,0
https://www.ammonidaho.gov/releases/v3.4.1/changelog.md,0
https://teerathlucky12.github.io/netflix-website-clone,1
http://www.srva.closer.website/,1
https://www.aliquippapa.gov/faq/frequently-asked-questions,0
https://www.roblox.com.bi/games/77182599101794/4nn1s-Place?privateServerLinkCode=85761403516745353131454885790386,1
https://www.wikipedia.org/search?q=open+source+software,0
http://www.bte222.com/,1
https://www.albertvillemn.gov/,0
https://www.aplingtonpolice.gov/docs/reference/api-overview.html,0
https://www.abseconnj.gov/news/international-headlines,0
https://robiox.com.gr/users/6541002943/profile,1
https://www.booking-clone-ten.vercel.app/,1
http://www.gpluspsawe.weebly.com/,1
https://pla-logisticainc.s3.eu-central-1.amazonaws.com/dropbox/download.html,1
https://www.alexandriaoh.gov/products/electronics/catalog,0
https://layanan-shopee33.blogspot.com/,1
https://vshiyani.github.io/Ledger/,1
https://www.arlingtonne.gov/releases/v3.4.1/changelog.md,0
https://www.nytimes.com/blog/cybersecurity-best-practices,0
http://done4you.tv/following/disclosures.html,1
https://www.web-fun-checkout-prototype-uniswap.vercel.app/,1
https://www.ashmore.gov/releases/v3.4.1/changelog.md,0
https://www.anacorteswa.gov/docs/reference/api-overview.html,0
https://www.sofitelfijiresort.spahotel.guru/,1
https://www.cliff.spahotel.guru/,1
https://walletconnect-website.vercel.app/,1
https://www.instagramusicabrasilinstagram.blogspot.com/,1
https://www.arlingtontx.gov/releases/v3.4.1/changelog.md,0
https://arab-african.org/.well-known/acme-challenge/Focus/?auth=Y2xheXRvbkBpc3QuY28uemE=,1
https://www.annsvilleny.gov/community/discussions/general,0
https://srva.closer.website/,1
http://djr.pages.dev/%5C%5C%5C%5C%5C%5C%5C/,1
https://www.ahoskienc.gov/products/electronics/catalog,0
https://www.instagramfollowersfake.blogspot.com/,1
https://carivo.vu/adobe.com/seasons.html,1
https://www.artesianm.gov/search?q=open+source+software,0
https://www.36thdistrictcourtmi.gov/wiki/Artificial_intelligence,0
http://www.hadiah-shopee1111.blogspot.com/,1
https://s4w.in/roblox-com-users-1948200841-profile,1
https://www.amityvillepdny.gov/category/science-and-nature,0
https://www.ashwaubenon.gov/about-us/company-overview,0
https://www.anokawineandspirits.gov/faq/frequently-asked-questions,0
https://www.mercadolibre-challenge-florabril.vercel.app/,1
https://www.comcast2.vercel.app/,1
http://www.ivnalawi262109wel.blogspot.com/,1
https://aaofrx1mfv-76a5a3a10d.vercel.app/facebook-event-tracker-9642500182115559.html,1
http://hadiahshopee552.blogspot.com/,1
https://www.altamontutah.gov/,0
https://www.algoodtn.gov/wiki/Artificial_intelligence,0
http://www.spotify-clone-two-pi.vercel.app/,1
https://www.alexandercityal.gov/wiki/Artificial_intelligence,0
https://banco-pichincha.weebly.com/,1
https://undian-shopee-2020.blogspot.com/,1
https://www.aquinnah-ma.gov/docs/reference/api-overview.html,0
https://s4w.in/www-roblox-com-users-152325723284-profile,1
https://www.almirawa.gov/wiki/Artificial_intelligence,0
https://www.29palms.gov/wiki/Artificial_intelligence,0
https://www.albanyga.gov/faq/frequently-asked-questions,0
https://www.alisoviejo.gov/search?q=open+source+software,0
https://www.ashlandnychemung.gov/news/international-headlines,0
http://www.steamcommunity.vov.ru/,1
https://www.alhambralibraryca.gov/about-us/company-overview,0
